Category,Market Cap,24h Volume,24h % Change
Smart Contract Platform,2511541792774.0,59167360532.0,1.34
Layer 1 (L1),2464982491548.0,55158631965.0,1.4
Proof of Work (PoW),1839811870661.0,32576520705.0,1.61
World Liberty Financial Portfolio,686901779614.0,78187391917.0,0.61
Proof of Stake (PoS),621732594243.0,23752933554.0,0.58
Made in USA,375333906214.0,18186802725.0,0.61
Stablecoins,313081512591.0,62022173222.0,0.11
USD Stablecoin,304179516413.0,61425396563.0,0.09
Fiat-backed Stablecoin,297891449820.0,60509632194.0,0.06
Alleged SEC Securities,238692957446.0,5969241363.0,-0.0
Exchange-based Tokens,169338174628.0,2400525356.0,0.06
Made in China,158672006182.0,1772218496.0,-0.44
Centralized Exchange (CEX) Token,150817186260.0,1161732925.0,-0.19
Decentralized Finance (DeFi),102986473473.0,4239018418.0,0.69
Liquid Staking Tokens,68680763877.0,120101694.0,1.06
Wrapped-Tokens,66960002879.0,1430189190.0,1.11
Crypto-Backed Tokens,66806686711.0,1415197238.0,1.06
Liquid Staking,65360376708.0,272309393.0,1.09
Real World Assets (RWA),54211906429.0,1351472837.0,0.75
Meme,40556656478.0,2943710093.0,-5.47
Liquid Staked ETH,32542508073.0,27456173.0,0.88
Governance,31544852809.0,2275926154.0,1.43
Infrastructure,27000380866.0,2477428215.0,1.77
Dog-Themed,25901124770.0,1294450454.0,-8.31
Artificial Intelligence (AI),25491543581.0,2150860040.0,0.76
Bridged-Tokens,23631198487.0,2277624564.0,2.18
4chan-Themed,22451960138.0,1209991239.0,-9.29
Elon Musk-Inspired,19320580336.0,922225229.0,-10.84
Decentralized Exchange (DEX),18644402434.0,1291010162.0,1.18
Tokenized BTC,18498815620.0,365473582.0,1.45
Privacy Coins,18253827052.0,830865171.0,0.99
Bridged Stablecoin,17640688123.0,1772906484.0,0.38
Binance Alpha Spotlight,17358188973.0,3420362271.0,-0.53
YZi Labs (Prev. Binance Labs) Portfolio,15569625987.0,2097279065.0,1.31
Tokenized Private Credit,14963809426.0,223677.0,0.42
Index Coop Defi Index,14716501518.0,880232403.0,1.74
Restaking,14500895662.0,280078867.0,0.84
Yield-Bearing Stablecoin,13990894312.0,47958467.0,0.18
Bridged USDT,13697541225.0,1529147504.0,0.29
Liquid Restaking Tokens,13061402828.0,12513880.0,0.98
Bitcoin Fork,12523578844.0,370769297.0,4.88
Zero Knowledge (ZK),11895281382.0,1583831780.0,-0.76
Cross-chain Communication,11069855211.0,491620712.0,0.84
Chain Abstraction,10958064466.0,509630474.0,1.79
Perpetuals,10892880857.0,664539484.0,0.16
Optimism Superchain Ecosystem,10789838145.0,478678369.0,1.05
RWA Protocol,10760609451.0,446544831.0,1.03
Layer 2 (L2),10586333420.0,778207483.0,1.11
Stablecoin Issuer,10550964314.0,813071480.0,4.53
Yield Farming,10428151696.0,1074889108.0,2.79
DePIN,10088801978.0,597795490.0,1.25
Ether.fi Ecosystem,9881101568.0,37440218.0,0.81
Oracle,9822263964.0,493947034.0,1.14
Tokenized Assets,9651440220.0,479684685.0,0.12
x402 Ecosystem,9446997384.0,408696346.0,1.11
Synthetic Dollar,9367508211.0,106393755.0,-0.0
Cybersecurity,8959295999.0,375956681.0,0.98
Crypto-backed Stablecoin,8711923753.0,79985593.0,-0.13
Binance Launchpool,8686645908.0,872951232.0,0.78
Derivatives,8274369902.0,420757019.0,-0.19
Quantum-Resistant,8148077211.0,581370143.0,-0.68
Trump-Affiliated,8086096737.0,1240105026.0,5.6
Automated Market Maker (AMM),7932058511.0,824606345.0,2.24
NFT,7791903930.0,876862018.0,-0.41
Privacy Blockchain,7515509188.0,633892980.0,1.69
Directed Acyclic Graph (DAG),6543165336.0,109710450.0,2.58
Layer 0 (L0),6479196525.0,270171127.0,1.06
Gaming (GameFi),6083354174.0,733435698.0,-2.39
Solana Meme,5418694806.0,820241179.0,1.35
Tokenized Commodities,4843447618.0,384454344.0,-0.55
Liquid Staked SOL,4783414720.0,25616082.0,0.98
Lending/Borrowing Protocols,4712653729.0,486600666.0,2.93
Tokenized Gold,4464858339.0,384739603.0,-0.86
Launchpad,4308288892.0,323440200.0,1.3
Neobank,4198175686.0,188093313.0,1.03
Wallets,3509587809.0,194172757.0,0.64
Tokenized Treasury Bills (T-Bills),3296589304.0,803124.0,0.76
AI Agents,3256890541.0,404658697.0,1.12
Bridged USDC,3225312445.0,205543456.0,0.37
Binance HODLer Airdrops,3009308184.0,1582125255.0,4.16
Gambling (GambleFi),2916436127.0,47887659.0,-9.62
Play To Earn,2853682466.0,274731774.0,0.77
Binance Launchpad,2810220310.0,236119008.0,0.73
Rollup,2789217416.0,320518120.0,1.22
Binance-Peg Tokens,2756392503.0,50766027.0,0.37
Data Availability,2737441438.0,265794283.0,4.57
Prediction Markets,2667669958.0,52515868.0,-10.15
Metaverse,2633089520.0,203503719.0,1.57
Options,2526526574.0,40403632.0,-10.78
Liquid Staked BTC,2450316606.0,1666320.0,0.72
Frog-Themed,2379690806.0,271736740.0,1.59
Payment Solutions,2344851081.0,123888799.0,2.2
Pump.fun Ecosystem,2339553072.0,454833106.0,2.33
Storage,2320861909.0,155910752.0,0.49
Bridged WETH,2274851491.0,354201306.0,1.38
Decentralized Identifier (DID),2273590793.0,135780698.0,1.74
The Boyâ€™s Club,2229817745.0,235818053.0,1.55
SocialFi,2182343305.0,187564492.0,2.9
Yield-Bearing,2144824460.0,3960144.0,0.73
AI Framework,1964434468.0,606488848.0,7.08
Internet of Things (IOT),1884965060.0,59798750.0,1.42
Mobile Mining,1808890469.0,13935427.0,0.66
AI Meme,1699106905.0,293782347.0,3.54
LP Tokens,1637608735.0,19714649.0,0.44
SideChain,1613068689.0,64213706.0,2.05
Bitcoin Sidechains,1598868639.0,102420037.0,1.69
Gaming Blockchains,1488570119.0,149730465.0,0.47
AI Agent Launchpad,1430381604.0,166538446.0,0.2
Masternodes,1426344196.0,97954901.0,1.39
Morpho Ecosystem,1348828961.0,9563281.0,1.13
Analytics,1347595301.0,205261632.0,-0.85
Binance Wallet IDO,1346988418.0,528556315.0,3.39
Bridged WBTC,1200552402.0,72934142.0,1.52
PolitiFi,1174881797.0,152457954.0,1.1
Name Service,1159755917.0,32549083.0,0.85
Gaming Utility Token,1149054534.0,116354829.0,0.92
Airdropped Tokens by NFT Projects,1114495760.0,175328880.0,0.01
Dex Aggregator,1059989158.0,70585603.0,1.3
Liquid Staking Governance Tokens,1052167432.0,110449127.0,0.08
IP Meme,1040290494.0,147706219.0,0.11
Parallelized EVM,1015855108.0,231612601.0,2.79
AI Applications,993137358.0,184531418.0,-1.22
Algorithmic Stablecoin,974486697.0,9391495.0,-0.02
Telegram Apps,903796663.0,168491983.0,-9.76
Sports,902498722.0,100410248.0,-0.07
Curve Ecosystem,873352490.0,104970319.0,5.63
Tokenized Treasury Bonds (T-Bonds),830272917.0,12827.0,0.14
US Treasury-backed Stablecoin,810533528.0,159630.0,1.02
Liquid Restaking Governance Tokens,803856364.0,79312471.0,-0.1
Modular Blockchain,803669782.0,214819079.0,2.4
VPN,775263386.0,13522114.0,0.67
Entertainment,772234083.0,152488970.0,-0.42
Virtuals Protocol Ecosystem,771522492.0,83217874.0,1.41
Robotics,749313121.0,57210412.0,0.51
BTCfi Protocol,737417250.0,102749304.0,1.26
Liquid Staked HYPE	,736052525.0,3348643.0,-0.92
DeFAI,723730622.0,159266746.0,-4.99
Murad Picks,718019171.0,35160321.0,2.53
Bittensor Subnets,718008363.0,10694806.0,4.6
MEV Protection,715209795.0,56938404.0,0.9
Bridged DAI,694055513.0,15009814.0,0.25
Gaming Governance Token,684243402.0,91349861.0,0.64
EUR Stablecoin,681623665.0,43752782.0,0.35
Cat-Themed,664643080.0,65410795.0,1.42
Account Abstraction,647809504.0,76084731.0,-1.65
RPG,621796840.0,83464729.0,0.91
CeFi,618645779.0,72638120.0,0.47
Bridged wstETH,613054115.0,4133210.0,152.13
Synthetic,583497724.0,30807926.0,0.45
Aave Tokens,578805464.0,95877468.0,-0.35
Simulation Games,572672841.0,43006262.0,1.1
IP,545474215.0,40898599.0,0.13
Buidlpad Launchpad,525290786.0,137643038.0,3.32
Gaming Platform,522001656.0,54435159.0,0.27
Liquid Restaked ETH,507531599.0,3086269.0,0.9
Bridge Governance Tokens,506562032.0,77996084.0,0.65
Base Meme,493795076.0,56130694.0,2.21
Stock market-themed,491589063.0,12044304.0,2.19
Four.meme Ecosystem (BNB Memes),461949621.0,304816237.0,-0.42
Hyperunit Ecosystem,441675772.0,58606384.0,2.05
LSDFi,441234481.0,143982421.0,2.99
On-chain Gaming,438425260.0,37917033.0,0.79
Yield Aggregator,433217319.0,98343985.0,3.26
Midas Liquid Yield Tokens,422181190.0,249812.0,0.12
TokenFi Launchpad,419633652.0,31768716.0,0.93
Rebase Tokens,418623526.0,394986.0,0.03
Decentralized Science (DeSci),405697990.0,40183829.0,4.3
Ondo Tokenized Assets,385661335.0,35846026.0,0.84
Seigniorage,382341558.0,15803172.0,0.67
Avalanche L1,366360184.0,23617889.0,0.27
Communication,357518387.0,24610922.0,2.0
Synthetic Issuer,345290360.0,25944343.0,-0.09
Fixed Interest,342085469.0,29530548.0,0.7
InfoFi,341928045.0,21014980.0,-0.51
Terminal of Truths,338700984.0,57422276.0,4.64
Education,315699640.0,4897974.0,1.23
Intent,313175995.0,109901602.0,1.34
Yield Tokenization Protocol,301846374.0,31062375.0,0.57
LRTfi,299027639.0,31122262.0,2.88
Echo Launchpad,290358804.0,102565647.0,5.96
Gaming Marketplace,287239258.0,29000293.0,0.96
Insurance,282020805.0,647190.0,1.67
Arcade Games,281259372.0,81006451.0,-27.11
Tokenized Silver,279807532.0,456764.0,2.56
Tradable Ecosystem,271442442.0,0.0,0.53
Appchains,266517341.0,30412415.0,2.31
Card Games,249362337.0,22662996.0,1.12
Yield Optimizer,245166622.0,10711960.0,3.97
NFT Marketplace,243060375.0,69946596.0,1.99
BONK.fun Ecosystem,239555601.0,24535624.0,1.37
Impossible Finance Launchpad,233729775.0,30266352.0,-0.78
Centralized Exchange (CEX) Product,227702320.0,16159630.0,0.8
Fan Token,227071810.0,46564872.0,0.19
Chinese Meme,213291738.0,22640002.0,-0.5
BackedFi xStocks Ecosystem,209088568.0,48328421.0,3.04
Yearn Ecosystem,203482545.0,17801148.0,0.04
NFTFi,202671021.0,34023622.0,3.83
Music,202351463.0,46297672.0,-0.63
E-commerce,197242666.0,10814887.0,3.16
Rollups-as-a-Service (RaaS),193812040.0,31451915.0,3.16
Synthetic Asset,189125872.0,5084003.0,0.56
Metagovernance,187575115.0,8105446.0,6.19
Tokenized Stock,184553944.0,44729789.0,2.98
Zoo-Themed,175449057.0,46048338.0,3.07
Layer 3 (L3),171622145.0,18160548.0,0.7
Axie Infinity Ecosystem,171339882.0,19417410.0,1.54
Olympus Pro Ecosystem,151117535.0,15895284.0,-0.22
DeFi Index,149860982.0,1138122.0,0.5
Compound Tokens,149844020.0,533.0,-8.84
Breeding,147270428.0,14415537.0,1.48
Retail,146226138.0,17264055.0,-0.02
Inscriptions,140956462.0,34716792.0,2.7
DaoMaker Launchpad,140952230.0,50878687.0,7.98
BRC-20,130319131.0,34496450.0,2.93
Energy,129808177.0,9129207.0,1.72
Runes,127085646.0,2784346.0,1.09
Action Games,125962329.0,24989896.0,-0.17
TikTok Meme,124215443.0,33684279.0,-3.65
Wojak-Themed,119924835.0,10048302.0,1.76
MMO,119651676.0,22291424.0,0.55
Bitcoin Meme,119002856.0,2376746.0,1.17
Regenerative Finance (ReFi),118114776.0,3217054.0,2.3
Tokenized Real Estate,114884148.0,32524683.0,3.74
Tap to Earn,113488098.0,20272590.0,1.18
Legal,111554070.0,1011387.0,0.31
Liquid Staked SUI,100295552.0,7076905.0,611.2
Adventure Games,97809313.0,6914569.0,1.32
Binance Buildkey TGE,96750898.0,79454770.0,2.1
Trading Bots,96689095.0,14959671.0,-5.71
Healthcare,94893476.0,2617760.0,-1.1
Move To Earn,94605723.0,13752048.0,-1.02
Game Studio,93657084.0,40588400.0,-19.1
Binance Megadrop,90005673.0,20611698.0,3.11
TON Meme,89518760.0,14541951.0,1.69
Capital Launchpad,87828288.0,77614901.0,0.39
Commodity-backed Stablecoin,87795959.0,177480.0,0.5
Farcaster Ecosystem,87303218.0,4044187.0,0.88
TimeFi,83881588.0,9176799.0,-4.46
Clanker Ecosystem,82999781.0,13825094.0,0.66
Hybrid Token Standards,82848536.0,5465542.0,0.28
Parody Meme,81198488.0,8310611.0,1.02
Strategy Games,80385487.0,26531862.0,-0.2
Quest-to-Earn,78471340.0,5890732.0,25.72
MetaDAO Launchpad,78278087.0,5419408.0,2.43
Marketing,77031645.0,9976276.0,0.9
Celebrity-Themed,74848020.0,3658902.0,1.66
Memorial Themed,74507183.0,14593058.0,1.37
Guild and Scholarship,71528447.0,12429941.0,0.83
Poolz Finance Launchpad,71426585.0,8680827.0,-1.14
Liquid Staked APT	,70947217.0,93608.0,2.36
Sports Games,69862528.0,20422640.0,-4.24
Anime-Themed,64448580.0,55752285.0,-6.9
Desci Meme,62122215.0,1890606.0,1.89
Believe.app Ecosystem,56402184.0,9449704.0,-4.02
Discord Bots,55451908.0,6430971.0,-0.53
Decentralized Social Media (DeSOC),52642923.0,28857.0,4.6
Augmented Reality,52319956.0,428675.0,-1.25
Charity,50114395.0,1959786.0,8.49
Jupiter DTF Launchpad,49897604.0,38810307.0,0.77
ChainGPT Launchpad,48233181.0,9836644.0,-1.62
NFT Strategy Flywheel,44609697.0,788716.0,3.73
Tourism,42583118.0,5432968.0,2.72
NFTStrategy Ecosystem,41095995.0,777695.0,4.18
Liquid Restaked SOL,40555927.0,85914.0,0.72
Ohm Fork,36331508.0,2252.0,1.88
Wormhole Assets,36037599.0,21169071.0,3.55
Sui Meme,34401911.0,11740581.0,5.29
Tokenized Exchange-Traded Funds (ETFs),32642580.0,3648892.0,2.55
Shooting Games,32148862.0,10611951.0,0.49
Wall Street Bets Themed,31035961.0,858861.0,-1.64
Racing Games,25557459.0,456539.0,1.97
Moonshot Ecosystem,22839296.0,2228866.0,-10.55
Leveraged Token,22178578.0,424084.0,-0.3
Virtual Reality,21814227.0,1305183.0,1.03
Mascot-Themed,20907963.0,3332261.0,3.98
Camelot Launchpad,20043550.0,743395.0,-1.39
Fractionalized NFT,20027482.0,938735.0,-2.3
TRON Meme,17735173.0,5930298.0,1.27
JPY Stablecoin,16867074.0,211099.0,-1.29
Solana Token-2022,15248077.0,770541.0,8.32
NFT Lending/Borrowing,15064074.0,1336160.0,0.81
TokenSets Ecosystem,14975536.0,16559.0,2.35
NFT Launchpad,13945023.0,88731.0,-0.11
SGD Stablcoin,13068421.0,233643.0,0.01
Sun Pump Ecosystem,12785768.0,4953187.0,1.8
PAAL AI Launchpad,12451324.0,963600.0,0.03
Trading Card RWA Platform,11840359.0,815678.0,17.87
IDR Stablecoin,11633427.0,16099.0,3.56
Yield Tokenization Product,10287573.0,960.0,-0.4
Zora Creator,10085506.0,1628839.0,-0.48
CreatorBid Ecosystem,9886235.0,118413.0,9.31
Gotchiverse,9048897.0,1864933.0,1.22
RealT Tokens,8380895.0,349.0,7.69
Cookie Launchpad,8134508.0,18859541.0,111.59
Country-Themed Meme,7433775.0,881966.0,2.59
Market-Making Solution,6786771.0,526430.0,-3.14
Animal Racing,6705433.0,219267.0,4.14
PreStocks Ecosystem,6585801.0,249195.0,1.04
Decentralized Lottery,6577240.0,1967535.0,0.33
Bridged FRAX,5419930.0,74427.0,-0.3
GBP Stablecoin,5364718.0,15009.0,2.51
CNY Stablecoin,5357786.0,394197.0,0.05
SPL22,5035682.0,150585.0,0.35
Fighting Games,4961751.0,492537.0,0.38
Reddit Points,4697535.0,38069.0,1.54
Farming-as-a-Service (FaaS),4576764.0,1624.0,1.34
Bridged WBNB,4519125.0,5853.0,0.46
Recruitment,4348903.0,6337327.0,-10.52
BagsApp Ecosystem,4218450.0,56283.0,-5.14
ERC 404,3235933.0,192346.0,4.52
Privacy-focused browser,3176413.0,11893.0,-9.42
Pump.fun Creator,1790386.0,130079.0,2.8
KRW Stablecoin,1503624.0,49400.0,0.08
Christmas Themed,1426801.0,6732263.0,-27.04
Zodiac-Themed,1294429.0,315.0,0.86
DRC-20,1104101.0,32.0,0.11
daos.fun Ecosystem,949848.0,232018.0,0.31
Kommunitas Launchpad,939731.0,185513.0,-0.74
aarna Vault Tokens,938350.0,0.0,-3.23
Pump Science Ecosystem,694706.0,332938.0,1.31
NFT Index,692699.0,8919.0,4.44
Emoji-Themed,539634.0,2345.0,5.04
Duck-Themed,470350.0,4371.0,-6.56
Spore.fun Ecosystem,393893.0,83392.0,-2.39
Flaunch Ecosystem,344389.0,18.0,0.96
Time.fun Ecosystem,282895.0,8267.0,4.68
Bridged WAVAX,262773.0,340.0,4.57
Farming Games,196889.0,1989.0,-0.22
Sticker-Themed Coins,142765.0,114420.0,29.94
ERC20i,122488.0,1316.0,2.08
STX.CITY Ecosystem,77723.0,649.0,1.08
ETF,25588.0,11658.0,0.69
Yearn Vault Tokens,12781.0,9157.0,1.72
HyperXpad Launchpad,11924.0,15.0,1.7
 DN-404,1573.0,785.0,-30.86
 Puzzle Games,0.0,0.0,0.0
SRC-20,0.0,0.0,0.0
BitStarters Launchpad,0.0,11714.0,0.0
Tower Defense Games,0.0,28.0,0.0
Opinions.fun Ecosystem,0.0,0.0,0.0
Gate Fun Ecosystem,0.0,0.0,0.0
ASC-20,0.0,0.0,0.0
Atomicals (ARC-20),0.0,0.0,0.0
NFT AMM,0.0,0.0,0.0
NFT Aggregator,0.0,0.0,0.0
Floor Protocol Tokens,0.0,0.0,0.0
Dinari Ecosystem,0.0,0.0,0.0
Friend.tech Ecosystem,0.0,0.0,0.0
Index Coop Metaverse Index,0.0,0.0,0.0
Ethereum Ecosystem,,,
BNB Chain Ecosystem,,,
Solana Ecosystem,,,
Base Ecosystem,,,
Polygon Ecosystem,,,
Arbitrum Ecosystem,,,
Avalanche Ecosystem,,,
Fantom Ecosystem,,,
Optimism Ecosystem,,,
TON Ecosystem,,,
Sui Ecosystem,,,
Gnosis Chain Ecosystem,,,
Cronos Ecosystem,,,
Osmosis Ecosystem,,,
Tron Ecosystem,,,
Chiliz Ecosystem,,,
Blast Ecosystem,,,
Cardano Ecosystem,,,
Bitcoin Ecosystem,,,
Bittensor Ecosystem,,,
Sonic Ecosystem,,,
Harmony Ecosystem,,,
HyperEVM Ecosystem,,,
Energi Ecosystem,,,
Linea Ecosystem,,,
Kaia Ecosystem,,,
Near Protocol Ecosystem,,,
Berachain Ecosystem,,,
Mantle Ecosystem,,,
Aptos Ecosystem,,,
XRP Ledger Ecosystem,,,
Abstract Ecosystem,,,
Hedera Ecosystem,,,
Bitcichain Ecosystem,,,
Algorand Ecosystem,,,
Scroll Ecosystem,,,
Celo Ecosystem,,,
Metis Ecosystem,,,
Cosmos Ecosystem,,,
Tezos Ecosystem,,,
Plume Network Ecosystem,,,
Hyperliquid Ecosystem,,,
Moonriver Ecosystem,,,
Sei Network Ecosystem,,,
Stellar Ecosystem,,,
MultiversX Ecosystem,,,
Sora Ecosystem,,,
X Layer Ecosystem,,,
Starknet Ecosystem,,,
Internet Computer Ecosystem,,,
Core Ecosystem,,,
Polkadot Ecosystem,,,
Mode Ecosystem,,,
Aurora Ecosystem,,,
Ronin Ecosystem,,,
Manta Network Ecosystem,,,
Terra Ecosystem,,,
Archway Ecosystem,,,
Stacks Ecosystem,,,
Kava Ecosystem,,,
Monad Ecosystem,,,
Plasma Ecosystem,,,
Unichain Ecosystem,,,
Huobi ECO Chain Ecosystem,,,
Kaspa Ecosystem,,,
Fuse Ecosystem,,,
XDC Ecosystem,,,
Viction Ecosystem,,,
Fraxtal Ecosystem,,,
Polygon zkEVM Ecosystem,,,
IoTeX Ecosystem,,,
Soneium Ecosystem,,,
Injective Ecosystem,,,
Ink Ecosystem,,,
Terra Classic Ecosystem,,,
Flare Network Ecosystem,,,
Merlin Chain Ecosystem,,,
Radix Ecosystem,,,
ZetaChain Ecosystem,,,
World Chain Ecosystem,,,
Canto Ecosystem,,,
Zilliqa Ecosystem,,,
Secret Ecosystem,,,
EthereumPoW Ecosystem,,,
Rootstock Ecosystem,,,
Shibarium Ecosystem,,,
KardiaChain Ecosystem,,,
Milkomeda (Cardano) Ecosystem,,,
Telos Ecosystem,,,
Astar Ecosystem,,,
ApeChain Ecosystem,,,
Katana Ecosystem,,,
Dogechain Ecosystem,,,
Etherlink Ecosystem,,,
Velas Ecosystem,,,
Evmos Ecosystem,,,
Skale Ecosystem,,,
BOB Network Ecosystem,,,
Meter Ecosystem,,,
Immutable zkEVM Ecosystem,,,
Cronos zkEVM Ecosystem,,,
Swellchain Ecosystem,,,
Neon Ecosystem,,,
IOTA EVM Ecosystem,,,
Flow EVM Ecosystem,,,
opBNB Ecosystem,,,
Waves Ecosystem,,,
Arbitrum Nova Ecosystem,,,
Story Ecosystem,,,
TAC Ecosystem,,,
Hydration Ecosystem,,,
WEMIX Ecosystem,,,
Conflux Ecosystem,,,
Hemi Ecosystem,,,
Oasys Ecosystem,,,
Kujira Ecosystem,,,
Peaq Ecosystem,,,
Lisk Ecosystem,,,
Ergo Ecosystem,,,
Eclipse Ecosystem,,,
Oasis Emerald Ecosystem,,,
Morph L2 Ecosystem,,,
Beam Ecosystem,,,
BitTorrent Ecosystem,,,
OKT Chain Ecosystem,,,
LightLink Ecosystem,,,
Bitlayer Ecosystem,,,
Zircuit Ecosystem,,,
HECO Chain Ecosystem,,,
Syscoin NEVM Ecosystem,,,
Boba Network Ecosystem,,,
NEO Ecosystem,,,
Zedxion Ecosystem,,,
OEC Ecosystem,,,
Re.al Ecosystem,,,
Wanchain Ecosystem,,,
Songbird Ecosystem,,,
Theta Ecosystem,,,
Kucoin Community Chain Ecosystem,,,
Kadena Ecosystem,,,
Corn Ecosystem,,,
Ethereum Classic Ecosystem,,,
Zora Ecosystem,,,
Massa Ecosystem,,,
Elastos Smart Contract Chain Ecosystem,,,
Step Network Ecosystem,,,
ShimmerEVM Ecosystem,,,
Goat Ecosystem,,,
Movement Ecosystem,,,
Hydra Ecosystem,,,
Saga Ecosystem,,,
Wax Ecosystem,,,
ThunderCore Ecosystem,,,
BounceBit Ecosystem,,,
Degen Ecosystem,,,
Gravity Alpha Ecosystem,,,
Superseed Ecosystem,,,
SmartBCH Ecosystem,,,
Juno Ecosystem,,,
Sanko Ecosystem,,,
Bitrock Ecosystem,,,
Alephium Ecosystem,,,
EDU Chain Ecosystem,,,
BSquared Network Ecosystem,,,
Taraxa Ecosystem,,,
Haven1 Ecosystem,,,
VeChain Ecosystem,,,
Kroma Ecosystem,,,
Flow Ecosystem,,,
Astar zkEVM Ecosystem,,,
Shido Network Ecosystem,,,
Laika Ecosystem,,,
Q Mainnet Ecosystem,,,
MemeCore Ecosystem,,,
AirDAO Ecosystem,,,
BEVM Ecosystem,,,
zkLink Nova Ecosystem,,,
GateLayer Ecosystem,,,
Oraichain Ecosystem,,,
Lukso Ecosystem,,,
Bitgert Ecosystem,,,
Initia Ecosystem,,,
Mint Ecosystem,,,
DFK Chain Ecosystem,,,
Redbelly Network Ecosystem,,,
Botanix Ecosystem,,,
Glue Ecosystem,,,
Nibiru Ecosystem,,,
BESC HyperChain Ecosystem,,,
Oasis Sapphire Ecosystem,,,
DuckChain Ecosystem,,,
Somnia Ecosystem,,,
Migaloo Ecosystem,,,
Unit0 Network Ecosystem,,,
Areum Network Ecosystem,,,
HeLa Ecosystem,,,
RSS3 VSL Ecosystem,,,
Parex Network Ecosystem,,,
Venom Ecosystem,,,
Mezo Ecosystem,,,
Pundi AIFX Omnilayer Ecosystem,,,
0g Ecosystem,,,
EOS Ecosystem,,,
Bahamut Ecosystem,,,
Mantra Ecosystem,,,
Ziliqa EVM Ecosystem,,,
Superposition Ecosystem,,,
Proof of Memes Ecosystem,,,
inEVM Ecosystem,,,
QL1 Ecosystem,,,
Provenance Ecosystem,,,
GalaChain Ecosystem,,,
Vanar Chain Ecosystem,,,
Zano Ecosystem,,,
Stable Ecosystem,,,
Larissa Ecosystem,,,
Genesys Network Ecosystem,,,
Vana Ecosystem,,,
Endurance Ecosystem,,,
Electroneum Ecosystem,,,
Artela Ecosystem,,,
Humanode Ecosystem,,,
SX Rollup Ecosystem,,,
HashKey Chain Ecosystem,,,
Zero Network Ecosystem,,,
Lens Ecosystem,,,
IOTA Ecosystem,,,
DeepBrain Chain Ecosystem,,,
XAI Ecosystem,,,
Rari Ecosystem,,,
GraphLinq Ecosystem,,,
Saakuru Ecosystem,,,
Haqq Network Ecosystem,,,
Supra Ecosystem,,,
Henesys Ecosystem,,,
Ancient8 Ecosystem,,,
Edgeware Ecosystem,,,
Defiverse Ecosystem,,,
Xone Ecosystem,,,
Onchain Ecosystem,,,
Elysium Ecosystem,,,
Codex Ecosystem,,,
CarrChain Ecosystem,,,
Boba BNB Ecosystem,,,
Chromia Ecosystem,,,
GUNZ Ecosystem,,,
BeamPrivacy Ecosystem,,,
DefiMetaChain Ecosystem,,,
Apex Chain Ecosystem,,,
Loopring Ecosystem,,,
Bittensor EVM Ecosystem,,,
Sonic SVM Ecosystem,,,
Mainnetz Ecosystem,,,
Voi Network Ecosystem,,,
AlienX Ecosystem,,,
8Bit Chain Ecosystem,,,
Mantra EVM Ecosystem,,,
Aelf Ecosystem,,,
Reactive Network Ecosystem,,,
Cyber Ecosystem,,,
Titanchain Ecosystem,,,
Quai Network Ecosystem,,,
XRPL EVM Ecosystem,,,
Bayblon Genesis Ecosystem,,,
Ultron Ecosystem,,,
Graphite Network Ecosystem,,,
Celer Network,,,
ICB Network Ecosystem,,,
Tenet Ecosystem,,,
Qubic Ecosystem,,,
Zenon Ecosystem,,,
XT Smart Chain Ecosystem,,,
Vyvo Smart Chain Ecosystem,,,
Redstone Ecosystem,,,
CrossFi Ecosystem,,,
PlatON Network Ecosystem,,,
Eventum Ecosystem,,,
COTI Ecosystem,,,
Combo Ecosystem,,,
Alveychain Ecosystem,,,
Lung Ecosystem,,,
Moonchain Ecosystem,,,
DMEX Ecosystem,,,
Lamina1 Ecosystem,,,
Kinto Ecosystem,,,
Odyssey Ecosystem,,,
ENULS Ecosystem,,,
PLAYA3ULL Games Ecosystem,,,
Jibchain Ecosystem,,,
MegaETH Ecosystem,,,
Qitmeer Network Ecosystem,,,
Winr Ecosystem,,,
Ham Ecosystem,,,
MultiVAC Ecosystem,,,
MaxxChain Ecosystem,,,
Omnia Ecosystem,,,
UTON Ecosystem,,,
Nahmii Ecosystem,,,
